,address,city,state,listing_price,prediction
0,75 Highland St #3,Boston,MA,474900.0,310413.90185360075
1,5 Eldridge Rd #2,Boston,MA,349000.0,295501.7016600532
2,17 Paradise Ln,Dedham,MA,699000.0,719554.0025607247
3,110 Park St #1,Boston,MA,649000.0,617456.7247304774
4,111 Perkins St #101,Boston,MA,399000.0,482789.99712831527
5,1 Hadley St Unit 1C,Boston,MA,774900.0,777435.423006488
6,35 Gates St #1,Boston,MA,779900.0,776322.2494340853
7,61 Revere St #1,Boston,MA,724900.0,615308.8066931306
8,40 Fay St #407,Boston,MA,647000.0,663470.3166819918
9,"23 Margaret Street, Unit 1",Boston,MA,689999.0,613206.634037521
10,52 Msgr Patrick J Lydon Way,Boston,MA,989900.0,880344.6209716783
11,36 Deering Rd,Boston,MA,799900.0,782302.5588627018
12,520 Talbot Ave #17,Boston,MA,309900.0,250951.10215461417
13,147 Readville St #2,Boston,MA,229900.0,203265.5426537973
14,612 E 7Th St,Boston,MA,1249900.0,1124943.0038764088
15,57 Constellation Wharf #57,Boston,MA,1699000.0,1415847.9357441636
16,39 Pinefield,Boston,MA,549900.0,552614.9286236223
17,67-69 Sanford St,Boston,MA,699888.0,632671.280656501
18,71 FARRAGUT Rd #2,Boston,MA,759000.0,749463.3287768399
19,371 Hanover St #2,Boston,MA,589000.0,635685.4603670856
20,65 Ashland St #1,Boston,MA,759000.0,678220.395038398
21,13 W Milton Pl,Boston,MA,799000.0,778020.3799555504
22,62 Bolton St,Boston,MA,729000.0,607226.611285676
23,26-28 Chilcott Pl,Boston,MA,829000.0,699729.2279334464
24,45 Itasca St,Boston,MA,489000.0,463492.83609676803
25,39 Hemenway #12,Boston,MA,469000.0,895857.8132125873
26,111 Perkins St Unit TH5,Boston,MA,649900.0,827309.7766995649
27,22-24 Laban Pratt Rd,Boston,MA,799000.0,726570.3587575764
28,700 Harrison Ave,Boston,MA,70000.0,-70307.52684294502
29,111 Perkins St #113,Boston,MA,529000.0,554220.6341091336
30,14 Whitby Ter #1,Boston,MA,650000.0,436719.2657636802
31,220 Boylston St #1412,Boston,MA,3450000.0,1989332.7126052298
32,1650 Commonwealth #408,Boston,MA,710000.0,706621.7150815318
33,30-34 E Concord St #13,Boston,MA,499000.0,754687.1844957655
34,2 Holborn Park,Boston,MA,399900.0,541402.168118038
35,10 Harlow St,Boston,MA,599000.0,686341.512276955
36,16 Hampstead Rd #3,Boston,MA,749900.0,730866.3962430786
37,79 Poplar #10,Boston,MA,279000.0,282329.2977212133
38,701-703 Massachusetts Ave #6,Boston,MA,449000.0,701308.3522865418
39,100 Rockview St #3,Boston,MA,860000.0,786900.4316603977
40,39 Juliette St #1,Boston,MA,549000.0,626314.3322769362
41,20 Fisher Ave #2,Boston,MA,679000.0,664526.024989377
42,3i Dorchester St Unit 3i,Boston,MA,1149000.0,971564.0771094738
43,19 Cheshire St Unit Right,Boston,MA,1495000.0,1101061.3996973676
44,121 Portland St #701,Boston,MA,839900.0,970240.643213181
45,34 Rockne Ave #1,Boston,MA,599000.0,619953.1962109988
46,111 Hutchings St,Boston,MA,899000.0,963103.4852333327
47,88 Park St,Boston,MA,649000.0,642778.0355095884
48,14 Hereford St #3,Boston,MA,799000.0,824521.1090679718
49,25 Brookford St,Boston,MA,546000.0,871128.5078442707
50,100 Fulton St Unit 2M,Boston,MA,695000.0,772180.9469393741
51,732 W Roxbury Pkwy,Boston,MA,1149000.0,1098219.7526028368
52,37 Bay State Rd #4,Boston,MA,949000.0,844144.0141613665
53,107 Westbourne Ter #2,Brookline,MA,1499000.0,1398823.0634929703
54,107 Westbourne Ter Unit 2A,Brookline,MA,1499000.0,1364091.2013877325
55,101 Fletcher St #2,Boston,MA,674900.0,693817.6850374322
56,195 Beacon St #3,Boston,MA,629000.0,863299.717834434
57,4 Marshall Pl,Boston,MA,749000.0,919610.0708752733
58,103 Elm St,Boston,MA,779000.0,840102.0022094653
59,360 W Second St #14,Boston,MA,799000.0,698598.1206471212
60,75 Wachusett St #1,Boston,MA,749000.0,765853.289363058
61,31 Caspar St,Boston,MA,689900.0,654206.690020594
62,180 Telford St #211,Boston,MA,969888.0,868588.6138477386
63,22 Mercer St,Boston,MA,1449900.0,1389912.6193975725
64,36 A Unit 3C,Boston,MA,929000.0,877316.2231577225
65,30 Carlson Rd,Boston,MA,599900.0,564667.9625925815
66,580 Washington St #704,Boston,MA,950000.0,965031.2438504884
67,28 Windermere Rd,Boston,MA,779000.0,666605.9095067068
68,227 Gladstone St #2,Boston,MA,799900.0,719167.016552517
69,412 Baker St,Boston,MA,699000.0,580205.3687659826
70,45 Msgr Patrick J Lydon Way,Boston,MA,950000.0,981619.8157333469
71,45 W Newton #5,Boston,MA,1700000.0,975771.9992660149
72,192 Chestnut Ave Unit F,Boston,MA,689000.0,735035.465262987
73,92 Colberg Ave,Boston,MA,899000.0,949755.6561698911
74,596 American Legion Hwy #3,Boston,MA,189900.0,210742.88382760342
75,50 Victory Rd #1,Boston,MA,419000.0,295765.7195391769
76,30 Mount Everett St,Boston,MA,789900.0,838728.9699912434
77,151 Tremont St Unit 22D,Boston,MA,1165000.0,1051088.8133212773
78,22 Oak St,Boston,MA,950000.0,780957.2947421183
79,113 Sumner St #34,Boston,MA,275000.0,257852.04868112574
80,30 Union Park St #404,Boston,MA,1229000.0,1043502.9823381559
81,63 Appleton St #1,Boston,MA,859000.0,826587.0508169187
82,263 Bolton St #1,Boston,MA,629000.0,655732.3698657008
83,269 Shawmut Ave #4,Boston,MA,1095000.0,1073337.558939725
84,654 E 7th #1,Boston,MA,795000.0,802034.4983817439
85,870 E 6th St #2,Boston,MA,1650000.0,1037816.2805727941
86,30 Rugdale Rd,Boston,MA,559900.0,536025.0975128687
87,300 Pier 4 Blvd Unit 2F,Boston,MA,1995000.0,1669408.8536929756
88,36 Adair Rd,Boston,MA,699900.0,772561.48762181
89,1 Franklin St #3810,Boston,MA,3595000.0,1998269.112028856
90,8 Cypress Rd #803,Boston,MA,335000.0,420422.32944894466
91,15 Caulfield Cir,Newton,MA,669000.0,644692.1865821865
92,67 Saint Botolph #3,Boston,MA,1699000.0,1206518.483672648
93,127 Williams Ave,Boston,MA,435000.0,364700.5390768758
94,2089 Centre St,Boston,MA,935000.0,845139.4591288688
95,37 Moreland St #3,Boston,MA,749000.0,774743.6771143312
96,110 Bolton,Boston,MA,1275000.0,969002.5734546164
97,200 Maverick St,Boston,MA,1400000.0,1103664.4040892944
98,550 Centre St #15,Boston,MA,375000.0,506868.710696182
99,186-188 PARIS St #8,Boston,MA,699000.0,700331.4640775025
100,113 Chestnut Ave #3,Boston,MA,575000.0,619415.5744975086
101,9 Thurlow #9,Boston,MA,529900.0,401133.82769261755
102,31-33 River St #1,Boston,MA,429000.0,547665.1597830807
103,322 Lagrange St #322,Boston,MA,525000.0,402694.2143802324
104,21 Gartland St #1,Boston,MA,539000.0,534186.5521744704
105,529 Columbus Ave #17,Boston,MA,445000.0,1156797.673448797
106,863 Saratoga St #3,Boston,MA,429000.0,340257.24502075673
107,401 W 4th St,Boston,MA,780000.0,758653.408788901
108,77 Pond Ave #407,Brookline,MA,599999.0,720335.0737256184
109,57-R Sumner St Unit J,Boston,MA,360000.0,374896.62816940807
110,154 Gold St,Boston,MA,1949000.0,1392092.5681810223
111,500 Atlantic Ave Unit 19J,Boston,MA,2100000.0,1576728.9401583301
112,511 Massachusetts Ave Ph 5,Boston,MA,1199000.0,1062710.0621398469
113,21-A Business Ter Unit 21A,Boston,MA,399000.0,543181.0058768634
114,4058 Washington St,Boston,MA,825000.0,865780.758340583
115,394-396 Weld,Boston,MA,799900.0,630974.2165468382
116,77 Montgomery St,Boston,MA,4295000.0,1782848.1087867923
117,558 E 8Th St #3,Boston,MA,650000.0,701173.497514877
118,32 Parkton Rd #3,Boston,MA,624900.0,566424.8893682049
119,157 Chestnut Ave #1,Boston,MA,579000.0,631284.0650209403
120,41 Vershire St Unit B,Boston,MA,360000.0,312694.1284523107
121,64 Verndale St #64,Brookline,MA,1500000.0,1319562.5479120326
122,33 Sleeper St #409,Boston,MA,850000.0,803757.1277069878
123,252 Amory St #1,Boston,MA,459000.0,544753.7940267962
124,54-R River St #1,Boston,MA,1100000.0,808812.6578205894
125,90-92 N Washington St #2,Boston,MA,1750000.0,1015170.2334877762
126,36 Mount Ida Rd #3,Boston,MA,399000.0,322181.115254396
127,24 Ransom Rd Unit 12-A,Boston,MA,439000.0,443120.3836803187
128,484 Massachusetts Ave #1,Boston,MA,1075000.0,799860.920750154
129,374 Chestnut Hill Ave #21,Boston,MA,510000.0,491804.82041824143
130,320 W 2nd St #413,Boston,MA,649000.0,733678.0710599883
131,458 Columbia Rd,Boston,MA,525000.0,645145.960112575
132,145 Saratoga St,Boston,MA,769000.0,723699.955668533
133,261-263 Gallivan Blvd,Boston,MA,769000.0,778415.780127268
134,170 Bowdoin St,Boston,MA,1099999.0,1200911.850854803
135,99 Tremont St #319,Boston,MA,833100.0,782040.1642990184
136,105-107 Albano St,Boston,MA,875000.0,1076258.2597235374
137,188 Brookline Ave Unit 24-3B,Boston,MA,1254000.0,1106801.8598718424
138,188 Brookline Ave Unit 27-D,Boston,MA,983000.0,1041822.8974192159
139,74 Glenway St,Boston,MA,569999.0,508522.82388551394
140,51 Glenway St,Boston,MA,689999.0,971703.5788033921
141,42 Beach St Unit 8A,Boston,MA,585000.0,627527.7186277446
142,319 A St #412,Boston,MA,899000.0,1114822.078392255
143,250 W Third St #4,Boston,MA,969000.0,875602.9085212646
144,8 Essex St,Boston,MA,995000.0,939116.8264602616
145,39 Cottage St #1,Boston,MA,650000.0,569385.9403303065
146,295 D St #3,Boston,MA,569000.0,663856.6111191877
147,13 Wenlock Rd,Boston,MA,1299000.0,1311805.621996729
148,501 E Broadway,Boston,MA,3500000.0,2601157.635184774
149,84 Lagrange St,Boston,MA,999000.0,750718.4900493356
150,19-21 Glenway St,Boston,MA,750000.0,897484.9102337589
151,15 Swift Ter #1,Boston,MA,399000.0,422178.5246290723
152,416 Hanover St #3,Boston,MA,949000.0,763222.8306829482
153,150 Athens #3,Boston,MA,929000.0,976160.088885603
154,150 Athens #2,Boston,MA,899000.0,955344.478988902
155,20 Rowes Wharf #609,Boston,MA,3900000.0,2421680.443726768
156,150 Athens #1,Boston,MA,939000.0,992085.0978973638
157,3 Avery St #401,Boston,MA,829800.0,842198.232338805
158,23-25 Owencroft Rd,Boston,MA,799000.0,917232.0331560723
159,1 Franklin St #3910,Boston,MA,3695000.0,2037725.1058552673
160,25 Dorchester St #2,Boston,MA,599000.0,664907.054919312
161,44 Waverly St,Boston,MA,850000.0,838214.4442665691
162,325 Columbus Ave #7,Boston,MA,689000.0,763154.2764149739
163,7 Wise St #7,Boston,MA,829900.0,866427.6299628047
164,24 Wabon St,Boston,MA,649000.0,518907.5277573399
165,7 Avery Path,Newton,MA,809900.0,727039.589662418
166,26 Stillman St Unit 3-2,Boston,MA,1155000.0,933302.8577802586
167,23 Brush Hill Ter,Boston,MA,599000.0,589896.621446253
168,11 Goff St,Boston,MA,359000.0,288009.91223892313
169,20 Short St #2,Boston,MA,919500.0,791935.7102626106
170,57 L St #9,Boston,MA,1099000.0,969111.1589913773
171,26 Percival St,Boston,MA,829000.0,925691.3318602827
172,499 E 7Th St #3,Boston,MA,479000.0,654746.0374851227
173,62 Telegraph St #1,Boston,MA,769900.0,753621.0617505689
174,65 Leland Rd,Boston,MA,1275000.0,826917.4168725533
175,1245 Adams St Unit B602,Boston,MA,750000.0,575310.0250036889
176,376 Weld St,Boston,MA,819000.0,741967.8469512814
177,9 Sedgwick St #1,Boston,MA,520000.0,566014.366473268
178,246 W 3rd St #2,Boston,MA,939000.0,966210.2022995851
179,4 Dartmouth Pl,Boston,MA,2895000.0,1498745.7248982568
180,210 W 6Th St #210,Boston,MA,1119000.0,1135021.909357951
181,15 Elgin,Boston,MA,975000.0,825791.8394755295
182,186-188 Paris St #7,Boston,MA,715000.0,670672.5443325348
183,47 Marine Rd,Boston,MA,1779000.0,1535353.8206198548
184,77 Marcella #1,Boston,MA,350000.0,219425.46948573005
185,1 Saint George St Unit 3A,Boston,MA,285000.0,385900.3980034542
186,77 Pond Ave #605,Brookline,MA,869000.0,1026119.20359634
187,38 Richwood St,Boston,MA,985000.0,900881.3121565345
188,319 A St #204,Boston,MA,649000.0,1014778.3269072005
189,20 Lila Rd,Boston,MA,1290000.0,1141069.2026600929
190,14 Arborfield Rd,Boston,MA,365000.0,393887.0937051965
191,10 Knowlton St #1,Boston,MA,709000.0,727977.4705044171
192,28 Dorr St #28,Boston,MA,799000.0,806842.7812709396
193,19 Ellison Ave,Boston,MA,699900.0,715378.850106423
194,6-8 Heathcote St,Boston,MA,881000.0,776058.4434338585
195,4 Charlesgate E #402,Boston,MA,1495000.0,1144133.4112629155
196,2 Avery St Unit 32H,Boston,MA,2050000.0,1450895.5449588033
197,19 Wiget St #101,Boston,MA,529000.0,668595.0680501501
198,166 W Brookline St #1,Boston,MA,1995000.0,1376182.1168814762
199,80 Broad St Parking Easement 52,Boston,MA,149900.0,146470.9566646535
200,42 Deckard St #1,Boston,MA,585000.0,395111.0563555291
201,3 Stillman Pl,Boston,MA,2995000.0,2096671.4258673803
202,80 Harold St,Boston,MA,899999.0,1075815.7188900106
203,25 Savoy St,Boston,MA,200000.0,267104.39584618085
204,21 Father Francis Gilday St #101,Boston,MA,1295000.0,993153.7703764501
205,26 Yarmouth St #1,Boston,MA,1399000.0,1067503.6616473265
206,37 Sagamore St #2,Boston,MA,639900.0,509253.59948006086
207,1 Franklin St #1909,Boston,MA,1250000.0,1227640.5854810385
208,17 Sanger St,Boston,MA,1500000.0,1128659.5746476909
209,289 Walnut Ave,Boston,MA,660000.0,832895.795643924
210,24 N Crescent Circuit,Boston,MA,749000.0,680385.0721674536
211,59 Commercial wharf #5,Boston,MA,1499000.0,1287429.245238811
212,45 Grouse St,Boston,MA,609900.0,644804.7206235349
213,6 Cushing Ave,Boston,MA,1050000.0,866383.0784582428
214,208 Princeton St,Boston,MA,929000.0,752007.808778899
215,515 Shawmut Ave #1,Boston,MA,999000.0,833350.5584984755
216,65 Commercial Wharf #3,Boston,MA,3000000.0,1667645.555318691
217,199 Coolidge Ave #202,Watertown,MA,499000.0,896866.0292153398
218,122 D St #2,Boston,MA,319000.0,658655.0424932535
219,5050 Washington St #451,Boston,MA,300000.0,286729.39898916916
220,42 Russell,Boston,MA,875000.0,899612.138845497
221,47  R Creighton #3,Boston,MA,639900.0,772608.9639474435
222,6 NewCastle,Boston,MA,684000.0,702870.2886964816
223,240 Arborway #1,Boston,MA,615000.0,567301.7083098299
224,6 Wellington St #4,Boston,MA,879000.0,889902.2975027771
225,529 Ashmont St #1,Boston,MA,299900.0,306521.38517730683
226,45 Province St #2202,Boston,MA,1350000.0,1178683.1280326534
227,605-607 Dorchester Ave,Boston,MA,3690000.0,1564326.9305558952
228,714 E 5th #1,Boston,MA,849900.0,916768.1383221743
229,321 Commonwealth Ave #0,Boston,MA,350000.0,598076.8111609286
230,244 Brighton Ave #302,Boston,MA,535000.0,484930.00047766254
231,620 South St,Boston,MA,824900.0,972216.8499284082
232,312 Bunker Hill St #3,Boston,MA,1179000.0,1005082.4546372632
233,312 Bunker Hill St #2,Boston,MA,1049000.0,964985.9668279695
234,701 Massachusetts Ave #10,Boston,MA,435000.0,681429.8122850461
235,45 First Ave #402,Boston,MA,679000.0,645484.0410049267
236,199 Coolidge Ave #105,Watertown,MA,849000.0,1212213.6655904013
237,121 Portland St #804,Boston,MA,1200000.0,1104106.8170861544
238,75 Seymour St Unit B,Boston,MA,499999.0,500887.9248472182
239,48 Hillsboro Rd,Boston,MA,599900.0,570082.7447810725
240,207 Dana Ave,Boston,MA,450000.0,366762.22500675987
241,47 Snow Hill St #2,Boston,MA,1350000.0,950172.785979959
242,69 Saint Botolph St #4,Boston,MA,1495000.0,1110949.3686345406
243,449 Bennington St,Boston,MA,739000.0,536480.2976400647
244,4981 Washington St,Boston,MA,699000.0,832570.4627289779
245,36 Bellevue St #3,Boston,MA,430000.0,187884.37665971357
246,485 Harrison Ave Unit 3-509,Boston,MA,1545000.0,1181984.8912106096
247,165 Lake Shore Rd #1,Boston,MA,550000.0,624645.4610261673
248,142 Kenrick St #28,Boston,MA,429000.0,435707.7343000326
249,85 E India Row Unit 16 H,Boston,MA,789000.0,838595.6710319731
250,26 Payson Ave,Boston,MA,614999.0,644754.8471317862
251,27 Cook St #1,Boston,MA,1549000.0,1145466.8350291688
252,50 Liberty Dr Ph 1H,Boston,MA,1374000.0,1328590.0490612546
253,1 Nassau #1508,Boston,MA,849000.0,890697.5254721644
254,106 Sawyer #3,Boston,MA,499000.0,518717.50183979305
255,229 Beacon #4,Boston,MA,2949000.0,1494354.1113772662
256,160 BEECH St,Boston,MA,879000.0,997241.036256552
257,54 Homer #1,Boston,MA,699900.0,718999.9022032965
258,345 Belgrade Ave Unit R11,Boston,MA,589000.0,527807.3787174313
259,108 Ellington St #108,Boston,MA,327836.0,421404.541096427
260,27A Hecla,Boston,MA,454999.0,590634.2525415486
261,27 Granite Ave,Boston,MA,560000.0,668210.9825961955
262,31 Grandview St,Boston,MA,549900.0,712497.2375961307
263,197 Eighth St Ph 215,Boston,MA,2349000.0,1414665.7684595915
264,259 Marlborough St #4,Boston,MA,599000.0,705861.1701607513
265,350 Marlborough St #5,Boston,MA,1095000.0,1001764.2180135683
266,11 Strathcona Rd,Boston,MA,719999.0,856726.966415046
267,345 Belgrade Ave #6,Boston,MA,579000.0,541791.627677663
268,292 Beacon St #4,Boston,MA,1495000.0,1197361.6877024297
269,25 Calder St,Boston,MA,1400000.0,1443252.209946713
270,87 Beacon St Unit 3R,Boston,MA,880000.0,776889.3698156604
271,157 Lake Shore Rd #4,Boston,MA,559900.0,631427.2493579008
272,87 M St,Boston,MA,2100000.0,1563699.2068576363
273,327 St. Paul #1,Brookline,MA,1199000.0,1093126.1892912097
274,2 Sutherland Rd #51,Boston,MA,519000.0,503191.19674034277
275,502 E 7Th St #1,Boston,MA,700000.0,619871.5443114729
276,357 Commercial St #720,Boston,MA,1599000.0,1219559.3968739137
277,9 W Broadway #106,Boston,MA,950000.0,929128.22779839
278,157 Greenfield Rd,Boston,MA,439900.0,457258.2800908468
279,1 Franklin #2304,Boston,MA,2735000.0,1706971.7486437957
280,463 Rutherford Ave #202,Boston,MA,749000.0,837477.6034955895
281,118 White St,Boston,MA,1050000.0,896483.876181026
282,1788 Columbia Rd #1,Boston,MA,679000.0,493953.43871617387
283,6 Mount Vernon Ave,Boston,MA,3750000.0,1797816.304233312
284,1 Franklin St #2006,Boston,MA,1295000.0,1229410.1898194621
285,55 Hull St #2,Boston,MA,1325000.0,1100777.1502446926
286,84 Condor St #1,Boston,MA,69999.0,-87777.86126570578
287,92 Glenwood Ave,Boston,MA,464900.0,390299.0659886232
288,450A Shawmut Ave #1,Boston,MA,2650000.0,1452141.904590466
289,450 Shawmut Ave,Boston,MA,2650000.0,1472985.1794621383
290,25 Allen St #25,Boston,MA,464900.0,510941.34441738576
291,3 Stafford St,Boston,MA,599900.0,668927.2363792199
292,14 W Broadway #707,Boston,MA,1699000.0,1365217.5078984764
293,14 W Broadway #705,Boston,MA,1150000.0,1102772.9665915247
294,14 W Broadway #504,Boston,MA,1025000.0,1060667.6549230097
295,14 W Broadway #901,Boston,MA,2649000.0,1604919.0123674928
296,69 Lubec St,Boston,MA,777000.0,1016715.4993220882
297,85 Brainerd Rd Ph -603,Boston,MA,819900.0,789398.9310833742
298,196-198 Warren St,Boston,MA,1700000.0,311580.32395010476
299,1111 Blue Hill Ave #8,Boston,MA,304000.0,259432.36088312592
300,22 Park St #1,Boston,MA,539900.0,656861.974589715
301,492 Beacon St #45,Boston,MA,1550000.0,1265941.5401537346
302,35 Bartlett St Unit B,Boston,MA,1195000.0,1082561.5744933041
303,87 Gainsborough St #104,Boston,MA,929000.0,606272.6594084066
304,139 Princeton,Boston,MA,629900.0,480509.6952907813
305,180 Telford #305,Boston,MA,515000.0,669246.4886214638
306,42 Deckard #3,Boston,MA,475000.0,364789.49413712614
307,33 Sleeper St #301,Boston,MA,850000.0,899106.3122894985
308,40 Saint James St,Boston,MA,799900.0,757400.7802857102
309,52 Monadnock St #1,Boston,MA,335000.0,263852.58189454104
310,330 1/2 E #1,Boston,MA,749900.0,762930.0806926375
311,20 Hazelwood #1,Boston,MA,479000.0,413803.32836655935
312,20 Hazelwood #2,Boston,MA,579000.0,619331.5902646214
313,54 Monument Ave #2,Boston,MA,899000.0,790813.5490396183
314,20 Lenoxdale,Boston,MA,749000.0,516604.5881768835
315,463 Rutherford Ave #306,Boston,MA,839000.0,844172.5518286931
316,433 Bunker Hill St Ph 2,Boston,MA,829900.0,719569.703754595
317,206 Neponset Ave,Boston,MA,662000.0,708993.8296835751
318,16 Boardman St #201,Boston,MA,619900.0,601839.2493763352
319,392 Marlborough St #3,Boston,MA,3599000.0,1662934.901198367
320,414 Beacon St #2,Boston,MA,1595000.0,1101524.0708299598
321,137 GENEVA Ave,Boston,MA,1200000.0,1505385.0568539307
322,145 Pinckney St Unit 309 & 311,Boston,MA,1899999.0,1254260.840457401
323,2 Marlborough St #5,Boston,MA,1599000.0,1168384.4157347125
324,234 W Selden St,Boston,MA,459900.0,678861.3920815175
325,9 Milford St #1,Boston,MA,2449000.0,1420058.515770699
326,365 MARLBOROUGH St #2,Boston,MA,1189900.0,1146850.2079832705
327,300 Allston St #306,Boston,MA,719900.0,720218.4840975327
328,37 Saxton St #3,Boston,MA,479000.0,367127.43136833725
329,656 E 7th #1,Boston,MA,949000.0,909094.6420036014
330,381 Bunker Hill St #2,Boston,MA,699000.0,767451.1216903764
331,130 Fulton St #4,Boston,MA,1133000.0,989807.913889186
332,53 N Mead St Unit C10,Boston,MA,599000.0,657238.975923555
333,35 Pearl St,Boston,MA,1100000.0,802500.9418178697
334,660 Massachusetts Ave #1,Boston,MA,699000.0,646421.2595680002
335,47 Cohasset St #2,Boston,MA,449900.0,379204.22125447355
336,1 Avery St Unit 17B,Boston,MA,2249000.0,1579315.8075821574
337,54 Granger #2,Boston,MA,549999.0,501960.0718982213
338,54 Granger #1,Boston,MA,699999.0,775625.690816327
339,2 Howe Ter #10,Boston,MA,389000.0,386133.8455310599
340,50 Commonwealth Ave #302,Boston,MA,1495000.0,1186724.6215329678
341,110 Broad St #901,Boston,MA,3845000.0,2000908.4485213014
342,33 Chestnut St #204,Boston,MA,969000.0,922980.6907010849
343,15 Swift Ter #3,Boston,MA,549000.0,454234.8601166225
344,350 W 4th St #413,Boston,MA,689000.0,671246.3308848434
345,70 School St #2,Boston,MA,515000.0,309662.3103058293
346,188 Brookline Ave Unit 25C,Boston,MA,1268000.0,1118710.0068720304
347,560 Columbus Ave #3,Boston,MA,799000.0,869659.7382684916
348,65 E India Unit 22C&D,Boston,MA,1899000.0,1352996.050026243
349,203 W Newton St #1,Boston,MA,2645000.0,1453846.8587853275
350,69 Hemman St,Boston,MA,524900.0,553332.4074704957
351,12 Thwing,Boston,MA,599000.0,533556.6610047107
352,15 Wayne St,Boston,MA,614999.0,762861.2876565701
353,19 Briarcliff Ter,Boston,MA,479900.0,331247.37404881616
354,180 W Canton St,Boston,MA,3995000.0,1919257.768703446
355,65 E India Row Unit 23A,Boston,MA,729000.0,850343.5914893942
356,197 Eighth St #723,Boston,MA,1549000.0,1032648.6342913469
357,80 Broad St #303,Boston,MA,799000.0,851687.2068868009
358,580 Washington St #410,Boston,MA,959000.0,984308.4620233029
359,22 Liberty Dr Unit 5D,Boston,MA,4095000.0,2176095.0415268596
360,47 Harvard St Unit B303,Boston,MA,809000.0,900404.060614412
361,416 Marlborough St #101,Boston,MA,1150000.0,1070682.1157008838
362,237 Eustis St #3,Boston,MA,499000.0,433158.2446986508
363,199 W Newton #1,Boston,MA,1449000.0,1097032.56707285
364,9 Hallam St #3,Boston,MA,575000.0,626674.6239617218
365,63 Melcher #206,Boston,MA,625000.0,967933.4764538547
366,22 Boylston St #3,Boston,MA,639900.0,565261.5575871607
367,35 Saint John St,Boston,MA,1795000.0,1167231.8192998439
368,99 Chestnut Hill Ave #314,Boston,MA,795000.0,742533.4114327591
369,97 Baker St,Boston,MA,520000.0,503072.0773782085
370,821 E 6Th St #1,Boston,MA,889000.0,876957.0104956459
371,31 Gordon Ave,Boston,MA,619000.0,772439.9038884246
372,1 Franklin St #1607,Boston,MA,1925000.0,1400595.9583996853
373,163 W 7Th St #2,Boston,MA,799000.0,856153.7695685646
374,1721 Washington St #405,Boston,MA,975000.0,935219.224478519
375,192 W Brookline St #1,Boston,MA,795000.0,775773.1101517191
376,317 Allston St #8,Boston,MA,389000.0,501085.75004688953
377,74 Wordsworth St,Boston,MA,899000.0,618444.7138584303
378,675-675 A E 8th St,Boston,MA,1200000.0,945630.6751773113
379,505 Tremont St #607,Boston,MA,2150000.0,1581737.8866085948
380,1 Avery St Unit 24C,Boston,MA,1749000.0,1327586.1310777764
381,182 Webster St,Boston,MA,1700000.0,1195412.0354336407
382,398 Beacon Unit 3F,Boston,MA,1950000.0,1269082.5244768914
383,5-7 Spruce Ct,Boston,MA,6000000.0,2135407.4882518696
384,2 Pinedale Rd #2,Boston,MA,359000.0,338519.04710041534
385,8 Ann St #2,Boston,MA,725000.0,733951.1764456839
386,4-6 Herbert St,Boston,MA,666900.0,871613.8194973059
387,99 Tremont St #301,Boston,MA,858600.0,812761.5176560956
388,534 Commonwealth Ave Unit 4D,Boston,MA,888000.0,685701.4461651281
389,23 Elmore #3,Boston,MA,549000.0,463319.02698463295
390,32 Hillock St,Boston,MA,819900.0,812427.6656665641
391,1241-1255 Adams St Unit WM302,Boston,MA,890000.0,698201.9539440069
392,188 Brookline Ave Ph 28E,Boston,MA,2995200.0,1564739.5218614812
393,203 Dana Ave,Boston,MA,476800.0,553113.3271379815
394,188 Brookline Ave Ph 29-B,Boston,MA,3954500.0,1844192.4154088225
395,0 Dale,Boston,MA,750000.0,1581409.7762674356
396,188 Brookline Ave Unit 22-11 F,Boston,MA,2177500.0,1356638.0468350477
397,188 Brookline Ave Ph 28-A,Boston,MA,5256200.0,2106558.9613729175
398,210 South St Unit 8-2,Boston,MA,989000.0,1022467.0497406612
399,39 Chipman St,Boston,MA,450000.0,585348.9334929034
400,134 Beacon St #101,Boston,MA,4995000.0,2092786.9011980526
401,16 Pinckney St,Boston,MA,4250000.0,1900914.4795264632
402,24-26 MONMOUTH Ct #2,Brookline,MA,2495000.0,1576670.623987998
403,1501 Commonwealth #101,Boston,MA,899000.0,851763.8050420021
404,21 Father Francis Gilday St #106,Boston,MA,1595000.0,1192770.8008103296
405,300 Boylston #505,Boston,MA,6000000.0,2448535.616640253
406,566 Commonwealth Ave #604,Boston,MA,459000.0,577456.1686660321
407,796 Canterbury St #796,Boston,MA,339000.0,357050.7140025848
408,380 Ashmont St,Boston,MA,899900.0,716400.7699574714
409,176 Magnolia St Unit A,Boston,MA,499900.0,511768.1423416808
410,1 Franklin St #1011,Boston,MA,1180000.0,912121.9212470679
411,143 mount pleasant Ave,Boston,MA,440000.0,321014.8933896922
412,1 Mount Pleasant Pl,Boston,MA,579900.0,517733.02153559146
413,156 Chelsea St #103,Boston,MA,499000.0,367452.6681102946
414,28 Upton St #2,Boston,MA,1699000.0,1092827.8867049778
415,1613 Dorchester Ave #3,Boston,MA,459000.0,425510.1338000492
416,63 Monmouth St #1,Boston,MA,729000.0,599065.6128843145
417,99 Tremont St #218,Boston,MA,862500.0,798468.0703207836
418,63 Monmouth St #3,Boston,MA,699000.0,591405.18225093
419,32 Rockwell St,Boston,MA,615000.0,588172.1353083546
420,10 Westcott St #3,Boston,MA,325000.0,237148.13030319032
421,150 Staniford St #818,Boston,MA,725000.0,735241.660279236
422,145 Pinckney St #618,Boston,MA,559000.0,626695.9701336706
423,351 Meridian St,Boston,MA,959000.0,914564.7406453143
424,141 Chiswick Rd #3,Boston,MA,688000.0,682207.5225393365
425,150 Staniford #227,Boston,MA,749000.0,693261.9933567871
426,320 Warren St #2,Boston,MA,319000.0,276081.4418562382
427,61 Wenham St,Boston,MA,799000.0,635008.6640806601
428,10 Westcott St #1,Boston,MA,300000.0,219524.44958072877
429,79 Brunswick St Unit A,Boston,MA,250000.0,394420.6310423296
430,45 W THIRD St #315,Boston,MA,899000.0,839442.4142576868
431,7 Burroughs St #202,Boston,MA,695000.0,693100.1577896748
432,100 Lanark Rd #15,Boston,MA,359000.0,427456.51384557795
433,34 Intervale St,Boston,MA,665000.0,815048.9830059819
434,869 Beacon #1,Boston,MA,729900.0,439983.7103092312
435,61 Lubec St,Boston,MA,1799000.0,1440257.8296383535
436,88 Kingston St Unit 2C,Boston,MA,718000.0,708831.3988771031
437,7 Warren Ave #5,Boston,MA,1550000.0,1166794.952221029
438,166 Beacon St Unit 1R,Boston,MA,675000.0,696853.5407701368
439,169-171 Walnut St,Boston,MA,999000.0,709044.1310059661
440,1 Charles St S #902,Boston,MA,1200000.0,1112920.456630576
441,34 Worcester Sq #1,Boston,MA,1955000.0,1319673.5518798402
442,1 Charles St S Unit 9G,Boston,MA,2195000.0,1445012.6675347202
443,836 Canterbury St,Boston,MA,829000.0,1052250.3265346864
444,469 E Fourth #1,Boston,MA,1325000.0,1195974.0377365812
445,174 M #1,Boston,MA,710000.0,826656.613344419
446,162 Endicott St #4,Boston,MA,539900.0,627897.9826835014
447,6 Bailey St,Boston,MA,1000000.0,922185.121808216
448,8 Whittier Pl Unit 17A,Boston,MA,549000.0,487947.0775004481
449,20 Rowes Wharf Unit 609/610,Boston,MA,9750000.0,3505488.1028093435
450,1 Franklin St #4304,Boston,MA,4700000.0,2299634.404151231
451,183 D #4,Boston,MA,849900.0,885279.7725326559
452,37 Englewood #3,Brookline,MA,999000.0,889788.1856230123
453,719 Washington St #301,Boston,MA,499000.0,488091.0791040135
454,124 Beacon St Unit PHR,Boston,MA,2190000.0,1519287.1266632245
455,285 Dorchester Ave,Boston,MA,12000000.0,23262873.39488514
456,11 Juliette St #1,Boston,MA,449900.0,300604.99795172503
457,42 Eighth #5211,Boston,MA,510000.0,538190.1437836455
458,504 Bennington St,Boston,MA,480000.0,429224.31825197826
459,63 Melcher #404,Boston,MA,649000.0,1002991.3048707063
460,63 Melcher #501,Boston,MA,1250000.0,1284120.4082160236
461,63 Monmouth St #2,Boston,MA,629900.0,553857.0140304319
462,45 Burnett St #406,Boston,MA,689000.0,786983.2168210442
463,45 Burnett St #304,Boston,MA,889000.0,845848.3112682155
464,45 Burnett St #105,Boston,MA,499000.0,598998.7796451459
465,1780 Columbia Rd,Boston,MA,2900000.0,2247441.149900879
466,9-11 Newhall Pl,Boston,MA,1999999.0,1117633.734060071
467,80 Winthrop St #1,Boston,MA,429000.0,263489.9196165487
468,80 Winthrop St #3,Boston,MA,489000.0,420709.95322168537
469,211 W Ninth,Boston,MA,879000.0,924353.2703226057
470,1208 VFW Pkwy,Boston,MA,5500000.0,514682.1911790068
471,61-63 Barry St,Boston,MA,595000.0,385782.4883321201
472,27 Anderson St #8,Boston,MA,799000.0,714581.7355186427
473,26 Grandfield St,Dedham,MA,450000.0,419723.41679352464
474,121 Portland St Ph 3,Boston,MA,1279000.0,1139695.0701504948
475,1 Franklin St #3405,Boston,MA,1594000.0,1395179.3395744048
476,239 Commonwealth Ave #22,Boston,MA,1495000.0,1238746.223276979
477,65 E India Row Unit 40D,Boston,MA,825000.0,952733.919984245
478,145 Pinckney St #332,Boston,MA,679000.0,672087.4932549004
479,1408 Commonwealth Ave #4,Boston,MA,369000.0,422917.8187777988
480,143-171 Hyde Park Ave Unit 155-2,Boston,MA,769000.0,768595.7740635795
481,23 Chickatawbut St Unit A,Boston,MA,839999.0,794780.2882373
482,33 Sleeper St #306,Boston,MA,1250000.0,1056030.3735382867
483,241 Lexington St #2,Boston,MA,669000.0,585236.8139423679
484,77 Torrey #2,Boston,MA,469000.0,448062.58351885434
485,61 Farragut Rd #3,Boston,MA,1050000.0,920222.3379257312
486,107 Myrtle St,Boston,MA,2400000.0,1308627.6275059262
487,33-35 Eastburn St,Boston,MA,1149000.0,1028671.330646995
488,26 N Crescent Circuit,Boston,MA,939500.0,857571.1961742237
489,4 Battery Wharf #4611,Boston,MA,4990000.0,2294452.672204164
490,56 East #3,Boston,MA,519900.0,502523.6108739865
491,176 Humboldt Ave #4,Boston,MA,479000.0,439625.23260963266
492,459 Massachusetts Ave #5,Boston,MA,849000.0,771812.709925297
493,80 A St #3,Boston,MA,899000.0,945953.4984524702
494,80 Liverpool St #80,Boston,MA,720000.0,694495.7786085566
495,17 Florence St #18,Boston,MA,195000.0,226729.1592648815
496,56 Monterey Ave,Boston,MA,409900.0,380855.889782813
497,703 Washington St,Boston,MA,540000.0,666487.5333687535
498,112 Fulton St Unit 1C,Boston,MA,789000.0,712821.6039565536
499,1 Franklin St #2601,Boston,MA,2395000.0,1645693.6585131038
500,198 W Springfield #2,Boston,MA,799000.0,841084.3602453908
501,65 Rutland St #1,Boston,MA,1999000.0,1271622.5957657197
502,16 Boardman St #307,Boston,MA,519000.0,460365.7852306508
503,48 Hansborough,Boston,MA,250000.0,389738.45451176213
504,189 Trenton St #2,Boston,MA,689000.0,606522.2279885861
505,171 Everett St,Boston,MA,879000.0,871678.0154907538
506,580 Washington St Ph 3,Boston,MA,3195000.0,1865741.5638129984
507,89 Train St #1,Boston,MA,465000.0,398516.7547837624
508,100 A #102,Boston,MA,1849000.0,1273363.1947645291
509,100 A #301,Boston,MA,2049000.0,1404003.9460744099
510,121 Tremont St Unit A4,Boston,MA,459900.0,450613.73587638594
511,50 Waverly St #0,Boston,MA,985000.0,871849.7271316033
512,166 Marlborough St Unit 3/4,Boston,MA,3800000.0,1848688.2654184357
513,145 Pinckney St #210,Boston,MA,699000.0,635456.7894557198
514,182 Savannah Ave,Boston,MA,649000.0,1150717.2282707116
515,217-219 Lamartine St,Boston,MA,3700000.0,2335964.9112744424
516,2 Avery St Ph 2A,Boston,MA,10500000.0,3362033.668149164
517,54-56 Belmont St,Boston,MA,5900000.0,3570748.152664466
518,54-56 Belmont St #2,Boston,MA,1999000.0,1486087.1480390972
519,121 Portland St #605,Boston,MA,535000.0,808733.8697255484
520,285 Bowen St #1,Boston,MA,765000.0,857345.7971496128
521,35 ROSSMORE Rd #3,Boston,MA,649000.0,760093.9842443473
522,35 ROSSMORE Rd #2,Boston,MA,649000.0,760093.9842443473
523,35 ROSSMORE Rd #1,Boston,MA,639000.0,752142.9820000981
524,1 Avery St Unit 11G,Boston,MA,1395000.0,1172963.7376280185
525,2 Florence St,Boston,MA,999000.0,1262161.9125490098
526,3 Old Lantern Cir,Paxton,MA,549000.0,1022806.2366229414
527,516 Washington St,Boston,MA,1499000.0,1143835.1240617174
528,8 Ransom Rd #16,Boston,MA,515000.0,569079.7248785691
529,52 Fayette St #2,Boston,MA,998500.0,962187.7922896685
530,67 Webster St,Boston,MA,799900.0,678668.5545164039
531,60 Seymour St #3,Boston,MA,459000.0,530777.1432274058
532,111 Perkins St #037,Boston,MA,559000.0,570518.7256253904
533,3 Avalon Rd,Milton,MA,759900.0,674485.7678023058
534,55 Hillock St,Boston,MA,224999.0,354887.23695859837
535,867 Saratoga St #1,Boston,MA,469000.0,357305.97057043936
536,157 Newbury St #5,Boston,MA,2700000.0,1718896.3356482547
537,8 Whittier Pl Unit 23B,Boston,MA,535000.0,481517.5618976706
538,110 Broad St #404,Boston,MA,2675000.0,1609712.5414892004
539,36 Symphony Rd Unit 4B,Boston,MA,1395000.0,944501.4017912387
540,10 Jaeger Ter,Boston,MA,995000.0,888772.1585962235
541,86 Sanborn Ave #2,Boston,MA,494000.0,584278.5447830425
542,50 N Margin,Boston,MA,3100000.0,1712999.4445793766
543,46 Lucerne,Boston,MA,325000.0,435983.0882419123
544,20 Rowes Wharf #701,Boston,MA,1475000.0,1387497.7269197444
545,99 Brooks St,Boston,MA,679000.0,787481.6678166601
546,43 Cliftondale St,Boston,MA,579900.0,538073.50554929
547,26 hackensack Rd,Brookline,MA,680000.0,946289.6723084466
548,17 Harvard Ave,Boston,MA,890000.0,871471.2586745566
549,738 E Third St,Boston,MA,1099000.0,953693.7597627656
550,36 VFW Pkwy,Boston,MA,1249000.0,994138.3622067973
551,809 E Broadway,Boston,MA,1999000.0,1419840.4045024037
552,695 E 8Th St #1,Boston,MA,689900.0,705606.3879476164
553,9 Penniman Rd,Brookline,MA,2250000.0,1785276.8596239996
554,201 W Brookline #201,Boston,MA,4399000.0,1968402.7095226676
555,5 chestnut #1,Boston,MA,1675000.0,1024748.7849215625
556,18 Laurel Unit B,Boston,MA,469900.0,483682.9620494009
557,386-388 Centre St,Boston,MA,2400000.0,1722177.4034056866
558,35 Neponset Ave #35,Boston,MA,699000.0,831676.1466678418
559,35 Concord Sq,Boston,MA,3595000.0,1832414.436041922
560,111 Beach St Unit 3E,Boston,MA,1044000.0,1010779.1927202665
561,201 W Brookline #103,Boston,MA,2799000.0,1626018.110414448
562,221 Mount Auburn #108,Cambridge,MA,805000.0,876523.2702247596
563,91 Burrell St,Boston,MA,749999.0,667532.0437860221
564,183 D #6,Boston,MA,949900.0,907538.2075837345
565,1 Franklin #3106,Boston,MA,1439000.0,1337334.915454273
566,580 Washington St #209,Boston,MA,1350000.0,1138604.8672630107
567,83 GREEN St,Boston,MA,945000.0,649107.8584304617
568,1 Saint James Pl,Boston,MA,484000.0,490253.11463139695
569,51 Selwyn St,Boston,MA,769900.0,768340.2925333434
570,95 Boardman St #1,Boston,MA,699900.0,742445.6587440313
571,40 Traveler Ph 8,Boston,MA,2888000.0,1781387.7862299203
572,121 Portland St #309,Boston,MA,879900.0,827390.576880492
573,232 Old Colony Ave #406,Boston,MA,1175000.0,1034846.6275185519
574,232 Old Colony Ave #304,Boston,MA,999000.0,907362.1095867797
575,25-29 Isabella St #1,Boston,MA,2475000.0,1365237.1090908507
576,2 W 6th St #104,Boston,MA,739000.0,740253.4831666821
577,3 Roslin #3,Boston,MA,549999.0,575394.1781339727
578,346-354 Congress St #401,Boston,MA,1789000.0,1341287.9051718754
579,57 Gerrish St,Boston,MA,1178880.0,1249788.2051910253
580,15-1/2 Tremlett St,Boston,MA,839000.0,591412.6762098421
581,5 condor St #3,Boston,MA,459000.0,341457.31680060783
582,194 Dorchester St,Boston,MA,995000.0,963524.1648584197
583,9 W Broadway #425,Boston,MA,949900.0,965405.4192755267
584,71 Willow Ct #1,Boston,MA,649900.0,606957.9982142695
585,40 Traveler #503,Boston,MA,1399000.0,1181189.4332004602
586,40 Traveler #502,Boston,MA,1199000.0,1092829.0384887117
587,40 Traveler #401,Boston,MA,1595000.0,1297012.1431383647
588,1 Charles St S Unit 3G,Boston,MA,1450000.0,1144177.2066252488
589,150 Dorchester Ave #304,Boston,MA,919000.0,854505.3585656434
590,245-255 condor St,Boston,MA,12000000.0,425072.092037086
591,39 Englewood Ave #10,Boston,MA,435000.0,391075.23637505644
592,500 Atlantic Ave Unit 14F,Boston,MA,2668000.0,1662116.913355178
593,0 Tafts Ave (Rear),Winthrop,MA,399000.0,1030800.2614155726
594,37 Englewood Ave #2,Brookline,MA,988000.0,947001.8226016641
595,20 RADCLIFFE Rd #302,Boston,MA,449000.0,469119.4206387764
596,12 Gene St,Boston,MA,649000.0,780353.1586115628
597,170 Tremont St #1701,Boston,MA,1399000.0,1107883.0161799535
598,241 Perkins Unit D-302,Boston,MA,1999000.0,1489054.7637183121
599,40 Traveler St #509,Boston,MA,1550000.0,1189350.1238169454
600,89 Blue Hill Ave #3,Boston,MA,405000.0,344106.51397809247
601,71 W Selden St #5,Boston,MA,239000.0,109551.88937588513
602,606-608 Saratoga St,Boston,MA,659000.0,473879.50337749464
603,232 Old Colony Ave #505,Boston,MA,940000.0,914453.7431590704
604,232 Old Colony Ave #403,Boston,MA,875000.0,885082.8593400801
605,232 Old Colony Ave #201,Boston,MA,699000.0,691953.8426959992
606,25 Division,Chelsea,MA,1099000.0,1089298.717273694
607,244 Paris St,Boston,MA,1649000.0,1456817.1522282774
608,35-35R Holborn St,Boston,MA,809000.0,1043685.0975769607
609,16 Cornell St,Boston,MA,579000.0,631982.498723069
610,227 Coolidge Ave Ph A,Watertown,MA,499000.0,845089.5973094995
611,183 Commonwealth Ave #4,Boston,MA,4950000.0,2034226.0900966225
612,464 Commonwealth Ave #39,Boston,MA,399000.0,577649.8283045832
613,500 Atlantic Ave Unit 19M,Boston,MA,1850000.0,1460029.3580969016
614,25-29 Isabella St #5,Boston,MA,3650000.0,1631191.1441785272
615,50 Liberty Dr Unit 8H,Boston,MA,1250000.0,1028840.7873043618
616,30 Taunton Ave #1,Boston,MA,399000.0,271159.30517913576
617,54 Crescent Ave Unit N,Boston,MA,550000.0,606149.3565923327
618,411 Beacon St #1,Boston,MA,959000.0,977618.3626471227
619,110 Broad St Ph 1,Boston,MA,5990000.0,2191750.6526306486
620,0 Reservoir Ln,Brookline,MA,2400000.0,1917459.722537028
621,62 Beacon St #1,Boston,MA,3990000.0,1629095.6795937603
622,5 Huntoon St,Boston,MA,799000.0,723518.1707309091
623,63 Melcher #307,Boston,MA,649000.0,991240.0313295003
624,1140 Washington St Unit 3D,Boston,MA,2100000.0,1348769.9353542514
625,2 Holbrook Ave,Boston,MA,619000.0,878753.4839319291
626,75 Marlborough #2,Boston,MA,1195000.0,1122986.7533684906
627,405 Commonwealth Ave #10,Boston,MA,775000.0,861615.6360719327
628,18 Hancock St #2,Boston,MA,899000.0,567245.9183386059
629,96 Academy Hill Rd,Boston,MA,950000.0,1035472.620959566
630,26 Ogden St,Boston,MA,700000.0,937453.8863705113
631,71 Charles St,Boston,MA,3950000.0,1577546.1275197498
632,60 Dracut St #5,Boston,MA,785000.0,838300.4656100103
633,21 Glenley Ter,Boston,MA,1100000.0,1203203.76494286
634,65 E India Row Unit 28 EF,Boston,MA,2500000.0,1579965.673089313
635,99 Tremont St #302,Boston,MA,870600.0,819929.0665819587
636,46 StoneHill Road-46,Boston,MA,469950.0,582993.4910139742
637,50 Liberty Unit 6D,Boston,MA,2429000.0,1769326.9014286406
638,9 Harvard Ave,Boston,MA,900000.0,1106972.1496158827
639,7 Warren Ave #6,Boston,MA,2600000.0,1427581.900509909
640,57 L St #11,Boston,MA,889000.0,904058.7001544205
641,57 L St #12,Boston,MA,1150000.0,982464.9392581154
642,8 Whittier Pl,Boston,MA,45000.0,60837.672648420325
643,234 Causeway St #822,Boston,MA,899000.0,841501.101196246
644,141 W Second #101,Boston,MA,1100000.0,917593.3119291032
645,1 Franklin St #3707,Boston,MA,2599000.0,1746952.2244563845
646,40 Fisher Ave,Boston,MA,11000000.0,8107645.234278764
647,40 Traveler St #404,Boston,MA,709000.0,906993.6989501924
648,145 Whitfield St,Boston,MA,850000.0,832964.9156399947
649,197 Eighth St Ph 221,Boston,MA,1775000.0,1361920.700456837
650,77-79 Alicia Rd,Boston,MA,810000.0,938731.8706057153
651,329 Sumner St,Boston,MA,1250000.0,778622.452212807
652,195 Beacon St #1,Boston,MA,989000.0,861697.4507285655
653,14 Hereford St #1,Boston,MA,920000.0,732605.6766582273
654,580 Washington St Unit 8C,Boston,MA,2100000.0,1448842.5094946178
655,65 E India Row Unit 3G,Boston,MA,949900.0,957214.8146313275
656,21 Caton St,Boston,MA,389900.0,496971.74159011384
657,12 Hesston Ter #3,Boston,MA,369000.0,417112.8001074338
658,6 Linwood,Boston,MA,1399000.0,986430.747111422
659,156-168 Terrace St #417,Boston,MA,610000.0,518599.5965409812
660,156-168 Terrace St #407,Boston,MA,515000.0,508518.6175511372
661,151 Tremont St Unit LL114,Boston,MA,78000.0,2004778.2327182682
662,10 Montfern Ave #2,Boston,MA,539000.0,493572.6866681038
663,2400 Beacon #412,Boston,MA,1150000.0,984881.1292554568
664,20 Lawrence St,Boston,MA,2400000.0,1447273.068256554
665,10 Knowlton St,Boston,MA,709000.0,770550.8643506553
666,40 Traveler #508,Boston,MA,1499000.0,1218074.8114660198
667,174 Boston St,Boston,MA,2375000.0,1268974.1160191621
668,510 E 3rd St #1,Boston,MA,589999.0,572767.6265257364
669,2 Franklin St #2,Boston,MA,1260000.0,1033548.8522281426
670,2 Franklin St #3,Boston,MA,1160000.0,1007581.9384315324
671,3 Avery St #304,Boston,MA,1195000.0,1141101.4797632778
672,80 Broad St #401,Boston,MA,1375000.0,1165883.3794542162
673,41 Leniston St,Boston,MA,969900.0,1160138.184724143
674,41 Park Dr Unit B,Boston,MA,739000.0,520654.5389268508
675,197 Eighth St #212,Boston,MA,699900.0,638391.2511328228
676,33 Pond Ave #419,Brookline,MA,875000.0,939457.422265535
677,150 W Broadway #418,Boston,MA,999999.0,1020063.2828890742
678,2 West #108,Boston,MA,879000.0,746983.8774246981
679,1 Franklin #5201,Boston,MA,4200000.0,2241917.018069367
680,7 E Springfield Unit 4A,Boston,MA,1125000.0,1115863.416153907
681,7 E Springfield Unit 3A,Boston,MA,1200000.0,1122592.3479220858
682,844 E Fourth #4,Boston,MA,1049000.0,935563.7948650953
683,305 Commonwealth #3,Boston,MA,5290000.0,2350797.47556476
684,305 Commonwealth #2,Boston,MA,10990000.0,2988269.958210909
685,228 Allandale Rd Unit 2A,Boston,MA,1045000.0,1017695.1044021503
686,121 Portland St #709,Boston,MA,929000.0,993533.948083851
687,Lot 1 Milton Ave,Boston,MA,849999.0,772120.885432496
688,121 Portland St #708,Boston,MA,969000.0,989240.6469971084
689,110 Stuart St Unit 16C&D,Boston,MA,2435000.0,1490471.1967636351
690,7 Lorenzo St,Boston,MA,699999.0,784900.108001916
691,111 Perkins St #180,Boston,MA,375000.0,459008.7797194186
692,22 Drayton Ave,Boston,MA,679900.0,1064497.0157362546
693,40 Monument Ave,Boston,MA,2295000.0,1371751.6353089365
694,232 Old Colony Ave #205,Boston,MA,899000.0,878663.1981857151
695,34 Atwill Rd,Boston,MA,829000.0,862271.5709669522
696,1 Charles St S #812,Boston,MA,1260000.0,1072317.5697997718
697,14 Essex St,Boston,MA,1399000.0,1244891.2586539548
698,213 E Eagle Unit -,Boston,MA,680000.0,606860.8952742943
699,101 Nonantum St,Boston,MA,949000.0,753155.7406224019
700,582 Canterbury St #6,Boston,MA,649000.0,741168.4263363995
701,241 Bunker Hill St,Boston,MA,1349000.0,1157510.8294564488
702,63 Melcher #403,Boston,MA,949000.0,1033025.873753672
703,300 Pier 4 Blvd Unit 8B,Boston,MA,6380400.0,2867240.9346929323
704,300 Pier 4 Blvd Unit PHG,Boston,MA,9548220.0,3702846.1981175225
705,1 Laurel St,Boston,MA,2850000.0,1666059.3068800874
706,300 Pier 4 Blvd Unit 8E,Boston,MA,2987450.0,2042524.8977444323
707,300 Pier 4 Blvd Unit 4D,Boston,MA,4694690.0,2433303.299105542
708,1 Avery St Unit 20A,Boston,MA,2449000.0,1596457.5811376737
709,3 Avery St #404,Boston,MA,1248988.0,1151904.1284661966
710,495 Columbia Rd,Boston,MA,899000.0,1110742.302059795
711,92 Chandler St #1,Boston,MA,1795000.0,1275284.5889113965
712,303 Sumner St #2,Boston,MA,799000.0,694153.9930130427
713,1 Charles St #1404,Boston,MA,2650000.0,1712657.6234764156
714,80 Fenwood #809,Boston,MA,639900.0,683740.9901412248
715,175 Clare Ave Unit E7,Boston,MA,220000.0,197755.47488709027
716,2 W 6th St #107,Boston,MA,1499000.0,1124419.050659985
717,3 Avery St #501,Boston,MA,849000.0,843768.2574579818
718,9 W Broadway #311,Boston,MA,1030000.0,941221.6623257317
719,34 Mascot St,Boston,MA,710000.0,995231.9790346711
720,485 Harrison Ave #207,Boston,MA,1199900.0,1003906.2598062081
721,699-701 E Broadway,Boston,MA,2750000.0,1524233.4480529071
722,85 E India Row Unit 15C&D,Boston,MA,2099900.0,1309964.2535893878
723,26 Holyoke St,Boston,MA,6950000.0,2395278.797343839
724,87 Beacon St Unit 2/3R,Boston,MA,3498000.0,1628996.2007046917
725,87 Beacon St #2,Boston,MA,2618000.0,1434073.8369996161
726,6 Arlington St,Boston,MA,12750000.0,3906212.286705505
727,2 Avery Ph B,Boston,MA,7900000.0,2708121.0656988043
728,40 Stellman Rd,Boston,MA,1059000.0,1359646.6007367165
729,520 Talbot Ave #2,Boston,MA,309000.0,365195.1844208748
730,398 Beacon St Unit 1A,Boston,MA,3500000.0,1846088.218547744
731,3 Avery St #309,Boston,MA,839000.0,826054.6812732376
732,197 Eighth St #611,Boston,MA,1629000.0,1185076.2539056607
733,0 VFW Pkwy,Boston,MA,39900.0,1823067.3729015843
734,1 Franklin St #5302,Boston,MA,8000000.0,2936982.709290007
735,1051-R Washington St,Boston,MA,535000.0,666831.2149654378
736,45 Constellation Wharf #45,Boston,MA,1849000.0,1414897.7423967212
737,27 Woodmere Dr #17,Milton,MA,1150000.0,942035.4390206325
738,9 Westmore Rd,Boston,MA,499000.0,386766.52960700635
739,172 Magnolia St Unit C,Boston,MA,450000.0,477398.0203251713
740,39 South St #6,Boston,MA,449000.0,475822.3818702162
741,121 Portland St #807,Boston,MA,799000.0,778724.8238984335
742,175 Beacon St,Boston,MA,15500000.0,3588129.4042958794
743,31-33 Commonwealth #4,Boston,MA,2859000.0,1579185.8254080277
744,1 Avery St Unit 22A,Boston,MA,2550000.0,1638715.2405669882
745,110 Stuart St Unit 23I,Boston,MA,629000.0,899874.0910777608
746,241 Beacon St #5,Boston,MA,1595000.0,1277983.4221759096
747,1501 Commonwealth Unit PS48,Boston,MA,47000.0,20937509.20431934
748,88 Kingston St Unit 6F,Boston,MA,899000.0,831733.2192630288
749,22 Anita Ter,Boston,MA,1395500.0,973111.6785802289
750,27 Cook St,Boston,MA,1549000.0,1147278.610320707
751,151 Tremont St Unit 8B,Boston,MA,695000.0,786987.9673671713
752,30 Polk #103,Boston,MA,760000.0,802755.891598146
753,54-56 Belmont St,Boston,MA,2319000.0,1485397.1967215294
754,140 Bellevue St,Boston,MA,949000.0,1152189.4292213472
755,451 Marlborough Unit 1W,Boston,MA,2490000.0,1537733.6956830628
756,719 Washington St #201,Boston,MA,475000.0,471035.735421892
757,25 Dartmouth St #1,Boston,MA,1499000.0,1110420.0626054653
758,126 D St,Boston,MA,1800000.0,1176622.3957890237
759,99 Tremont St #116,Boston,MA,625100.0,624525.8776571234
760,100 Belvidere St Unit 10A,Boston,MA,5995000.0,2596929.310561858
761,820R E Sixth St,Boston,MA,789000.0,944895.3130965338
762,100 Cottage St,Brookline,MA,2490000.0,1584961.9774369153
763,289 Walk Hill St,Boston,MA,7000000.0,1331575.1759694514
764,273 Beacon St #1,Boston,MA,3250000.0,1565132.1689090335
765,156 Falcon St #2,Boston,MA,585000.0,563103.1873936988
766,121 Portland St #903,Boston,MA,999000.0,1025993.7835546194
767,3 Avery St #308,Boston,MA,1100000.0,1122386.2103444743
768,154 Falcon St #3,Boston,MA,529000.0,398621.0352301826
769,24 Charter St,Boston,MA,3500000.0,19989926.32067795
770,237-239 Parsons,Boston,MA,850000.0,790376.1958286841
771,776 Boylston St Unit E9H,Boston,MA,4795000.0,2423297.8560504904
772,15 Howard Ave #3,Boston,MA,419000.0,407206.1373574985
773,20 Taft Hill Park Unit 12A,Boston,MA,533000.0,676546.7758438273
774,42 8Th St #3522,Boston,MA,929000.0,794228.5036731248
775,500 Atlantic Ave Unit 14S,Boston,MA,595000.0,1095486.537320915
776,2001 Commonwealth Ave #4,Boston,MA,489000.0,502979.0937433366
777,130 Thornton St #3,Boston,MA,699000.0,670072.9676665396
778,137 Peterborough St #14,Boston,MA,739000.0,584645.14493226
779,252 254 Paris St,Boston,MA,1650000.0,2268822.4751825007
780,24 Ellison Ave #2,Boston,MA,495000.0,265462.6211829772
781,11 Exeter St #3,Boston,MA,4080000.0,1846928.0702521384
782,45 Province St #1406,Boston,MA,1635000.0,1192730.3561207606
783,4 Charlesgate E #101,Boston,MA,1199000.0,980018.0583623706
784,36 Whitman St #2,Boston,MA,349000.0,209689.5988869986
785,19 Edwin St,Boston,MA,600000.0,214899987.90813163
786,278-280 Gold St #4,Boston,MA,939000.0,429392952.4933019
787,45 Temple St Ph 1,Boston,MA,18000000.0,4020851.9164275527
788,534 Commonwealth Ave Unit 2C,Boston,MA,609900.0,596433.7516646378
789,321-325 Meridian St #8,Boston,MA,299000.0,377768.9736161098
790,40 Traveler St #512,Boston,MA,755000.0,1009003.2449471054
791,5 Bel Arbor Dr,Paxton,MA,335000.0,622673.3668162359
792,481 Harrison Ave Unit 4B,Boston,MA,2275000.0,1426714.4096771446
793,3531 Washington St #520,Boston,MA,845000.0,1247107.3239333683
794,3531 Washington St #422,Boston,MA,775000.0,1200789.1510470284
795,3531 Washington St #406,Boston,MA,595000.0,1010587.5808325496
796,3531 Washington St #324,Boston,MA,650000.0,1153016.8814360595
797,3531 Washington St #220,Boston,MA,735000.0,1180997.2672096512
798,33 Pond Ave #321,Brookline,MA,879900.0,943831.4821071599
799,29 Gate House Rd,Newton,MA,1799000.0,1405782.4110053193
800,13 Tuckerman St #1,Boston,MA,1299900.0,947199.4051836426
801,6 O St,Boston,MA,1299999.0,752195.6112469439
802,178 Thornton St #4,Boston,MA,659000.0,637625.5416725697
803,178 Thornton St #2,Boston,MA,555000.0,586292.5357805747
804,110 Stuart St Unit 25H,Boston,MA,1350000.0,1148677.6803894117
805,41 Warren Ave Unit G,Boston,MA,699000.0,643684.9406920888
806,15 Sleeper St #206,Boston,MA,1199000.0,1007138.6315533444
807,105 Prince St #1,Boston,MA,525000.0,584695.0410218867
808,3 Nira,Boston,MA,1399000.0,1342434.121510483
809,47 Notre Dame,Boston,MA,969000.0,682879.0333439582
810,6-8 Sunset St,Boston,MA,2325000.0,1650668.7731782363
811,55 Wachusett St #3,Boston,MA,975000.0,923212.6983447401
812,35 Kingston #5,Boston,MA,1800000.0,997005.7397335153
813,50 Liberty Ph 2A,Boston,MA,11500000.0,3573533.197968197
814,130 Thornton St #2,Boston,MA,649000.0,638759.1963171449
815,130 Thornton St #1,Boston,MA,699000.0,676787.0412400335
816,49 Leyden St #5,Boston,MA,674900.0,591717.0866529264
817,50 Liberty Unit 10G,Boston,MA,1799000.0,1567701.4634217506
818,580 Washington St #1203,Boston,MA,2150000.0,1520981.5808779295
819,37 Orchardhill Rd,Boston,MA,749999.0,823503.7283336229
820,83 Waltham St #3,Boston,MA,2895000.0,1575410.5695089211
821,714 E 5th St #2,Boston,MA,814900.0,704619.0722313542
822,150 W Broadway #11,Boston,MA,1100000.0,1015900.0709514921
823,6 Whittier Pl Unit 12A,Boston,MA,620000.0,551319.9639899081
824,99 E Brookline #2,Boston,MA,597500.0,722608.0769944086
825,2 W 6th #207,Boston,MA,1199900.0,989090.2103123248
826,43 WHITFIELD #2,Boston,MA,239900.0,181946.52352033672
827,58-60 Copeland #3,Boston,MA,499000.0,4702471.201346558
828,58-60 Copeland #2,Boston,MA,489000.0,768194.8080148732
829,58-60 Copeland St #1,Boston,MA,469000.0,43244816.81366423
830,25 Holborn St,Boston,MA,499900.0,22114508.418255433
831,121 Portland St #609,Boston,MA,759000.0,789268.7336571191
832,318 Summit Ave #7,Boston,MA,419000.0,462543.3852168501
833,2 Avery St Unit 18H,Boston,MA,1750000.0,1299712.055393657
834,90 Walnut Ave #1,Boston,MA,439900.0,520513.28036532225
835,106 Thirteenth St #124,Boston,MA,449000.0,522468.0663386462
836,90 Walnut Ave,Boston,MA,439900.0,512353.00062840455
837,84 Carruth St #1,Boston,MA,559000.0,559933.6032862854
838,23 Silvia Ct #23,Boston,MA,375000.0,435844.2899401117
839,1 Avery St Unit 19B,Boston,MA,3095000.0,1761557.0018960198
840,342-346 Dorchester St #1,Boston,MA,795000.0,635667.3696615009
841,39 A St #20,Boston,MA,1599000.0,1148818.1888742785
842,26 Lawrence Ave,Boston,MA,759900.0,1827800.1319766247
843,3 Avery St #803,Boston,MA,689900.0,745168.5046009251
844,80 Broad St Ph 1102,Boston,MA,1799000.0,1374113.9827094888
845,3 Winter Pl Ph 4,Boston,MA,3299000.0,1525203.6642148232
846,142 Chestnut St #9,Boston,MA,3950000.0,1663402.2797113585
847,3 Bond St,Boston,MA,1640000.0,1080834.4633066885
848,716-718 Adams St,Boston,MA,849000.0,980750.3283927173
849,11 Knox St,Boston,MA,2385000.0,1278560.3812647616
850,205 W Eighth St #5,Boston,MA,939000.0,892559.9461880098
851,188 Brookline Ave Ph 28D,Boston,MA,4704300.0,2047094.4105136616
852,65 E India Row Unit 8B,Boston,MA,1175000.0,1078562.756504421
853,0 Rockwood St,Boston,MA,3500000.0,846978.5362738592
854,1 Leonard Pl #5,Boston,MA,999000.0,931934.4676451704
855,357 Commercial St #14,Boston,MA,575000.0,559255.0534437234
856,126 Commonwealth #2,Boston,MA,1595000.0,1183065.1187125621
857,12 Stoneholm #323,Boston,MA,565000.0,553667.2009874517
858,49 Monument Ave,Boston,MA,2275000.0,1467720.2766525692
859,132-134 Holton St,Boston,MA,1099900.0,1726208.8466587511
860,51 Appleton,Boston,MA,3050000.0,1535035.761493272
861,51 Appleton Unit 1 & 2,Boston,MA,3050000.0,1652944.5078921153
862,14 W Broadway #605,Boston,MA,859000.0,881340.5986063229
863,8 Asticou Rd #2,Boston,MA,664900.0,664453.9642673424
864,45 Temple St #311,Boston,MA,4542313.0,1902135.49157416
865,45 Temple St #408,Boston,MA,2778480.0,1545888.3246479507
866,45 Temple St #104,Boston,MA,1366000.0,1057557.8886029883
867,45 Temple St #603,Boston,MA,3757511.0,1783481.5033483475
868,329 Commonwealth Ave #1,Boston,MA,2000000.0,1278857.2790556012
869,132 Trenton St,Boston,MA,999000.0,912737.0280057348
870,130 Trenton St,Boston,MA,859000.0,861548.6483022936
871,8 Asticou Rd #1,Boston,MA,584900.0,531345.7604519012
872,8-8A Asticou Rd,Boston,MA,1249000.0,1096264.34428357
873,200 -202 beacon Unit 1&3,Boston,MA,9995000.0,2793908.2078882884
874,408-410 Western Ave,Boston,MA,1995000.0,1276153.0084881915
875,56 Monadnock St,Boston,MA,1197000.0,1229634.2062405406
876,1241 Adams St #609,Boston,MA,725000.0,630132.3203679116
877,2 Alpine Pl,Boston,MA,459999.0,545451.6930355693
878,241 Perkins St Unit D404,Boston,MA,850000.0,1003511.2159730005
879,20 Taft Hill Park Unit 1B,Boston,MA,533000.0,513898.67318415525
880,20 Taft Hill Park Unit 4B,Boston,MA,533000.0,541387.7928059592
881,110 Stuart St Unit 23G,Boston,MA,2390000.0,1475866.4608421465
882,188 Brookline Ave Unit 25-4J,Boston,MA,1250500.0,1099294.971296407
883,11 Exeter #4,Boston,MA,1815000.0,1408865.3569094287
884,17 Hancock St #2,Boston,MA,3085000.0,1399022.0146387254
885,50 Beacon St,Newton,MA,4199000.0,2388950.630293455
886,14 W Broadway #301,Boston,MA,1329000.0,1099986.7709088079
887,480 Beacon #1,Boston,MA,5200000.0,2043815.6822055334
888,7 Corbet St,Boston,MA,549900.0,562153.4219714159
889,27 Ellington St #2,Boston,MA,369000.0,463136.72308266244
890,1 Franklin St #3704,Boston,MA,4295000.0,2160208.3088472504
891,25 Channel Ctr Ph 108,Boston,MA,2750000.0,1704303.5563942639
892,49 Leyden St #1,Boston,MA,599900.0,565242.7144092976
893,32 Woodmere Dr #20,Milton,MA,825000.0,782205.3635359318
894,61 Webster St #2,Boston,MA,409000.0,438320.69173293165
895,205 W Eighth St #4,Boston,MA,869000.0,865384.5885975889
896,205 W Eighth St #3,Boston,MA,869000.0,861207.0105875996
897,205 W Eighth St #2,Boston,MA,839000.0,847097.7271784407
898,205 W Eighth St #1,Boston,MA,839000.0,843623.4899922649
899,580 Washington St #1406,Boston,MA,1395000.0,1190914.6080054257
900,1 Ellis St #2,Boston,MA,599000.0,565110.0952397094
901,67 Saint Botolph St #2,Boston,MA,1799000.0,1254618.6480609123
902,402 Commercial St Unit 3 & 4,Boston,MA,2100000.0,1459648.9405154474
903,144 Milton Ave,Boston,MA,2000000.0,797755.2630368182
904,45 W THIRD St #414,Boston,MA,915000.0,850041.3494076736
905,1 Nassau #2201,Boston,MA,1449000.0,1148416.4572085256
906,110 Stuart St Ph 1,Boston,MA,1799000.0,1319142.6968494672
907,343 CENTRE St #1,Boston,MA,339000.0,209957.15924049402
908,234 Causeway St #815,Boston,MA,939000.0,854725.5001554859
909,10 Charles River Sq,Boston,MA,4450000.0,1917315.0138867085
910,25-29 Isabella St #4,Boston,MA,2550000.0,1385444.4136241982
911,150 Beacon St #3,Boston,MA,6695000.0,2511979.2729850784
912,18 HOLIDAY St,Boston,MA,679000.0,889686.0341879588
913,580 Washington St #608,Boston,MA,1949000.0,1406478.7967889812
914,25 Channel Center St #403,Boston,MA,1749000.0,1280472.253864972
915,6 Maynard St,Boston,MA,680000.0,724849.8556828524
916,0 Blue Hill Ave,Milton,MA,450000.0,1058591.6909544447
917,67 Saint Botolph #1,Boston,MA,2999000.0,1523747.9479454395
918,32a Glenville Ave Unit 32A,Boston,MA,409500.0,394050.4491003973
919,1 Franklin St #4202,Boston,MA,3199000.0,1940287.0592690853
920,390 Commonwealth Ave #409,Boston,MA,2900000.0,1632987.6304232103
921,173 Beacon St #6,Boston,MA,1299000.0,1023821.2541779634
922,7 Otis Pl #1,Boston,MA,1650000.0,1019157.6567117891
923,34.5 Beacon Unit 4N,Boston,MA,3100000.0,1503037.6012749213
924,44 Dedham St,Boston,MA,225000.0,341942.8387393941
925,10-12 ASHFORD St,Boston,MA,2500000.0,1804457.6332904536
926,2 W 6th #201,Boston,MA,1049900.0,924803.2090496223
927,1 Avery St Ph 2B,Boston,MA,4250000.0,2181453.393514904
928,60-62 WELLSMERE Rd,Boston,MA,564900.0,1219846.2187058532
929,390 Commonwealth Ave #302,Boston,MA,825000.0,745077.868289748
930,32 Derne St Unit 3C,Boston,MA,2295000.0,1254710.0589940022
931,145 Pinckney St #102,Boston,MA,659000.0,660025.0601344702
932,1 Charles St #1412,Boston,MA,1490000.0,1203162.9241227934
933,2 Avery St Unit 27C,Boston,MA,3799000.0,1959022.4129769665
934,156-168 Terrace St #408,Boston,MA,820000.0,731937.7157926054
935,19 Loew Cir,Milton,MA,1139000.0,1070247.371089008
936,33 Brimmer Unit C,Boston,MA,2550000.0,1345086.812714523
937,38-42 Hyde Park Ave,Boston,MA,4695000.0,2968197.7022123514
938,51 Wheatland Ave,Boston,MA,489000.0,524191.2339804147
939,132 Commonwealth PK1/PK2,Boston,MA,570000.0,550789.313823967
940,334 Marlborough,Boston,MA,4999000.0,2080110.6675527755
941,2 W 6th #406,Boston,MA,1099900.0,1004605.9578788648
942,80 Broad St #1002,Boston,MA,1099999.0,1060399.5913526898
943,1650 Commonwealth #506,Boston,MA,1699000.0,1230547.0936740967
944,11 Exeter,Boston,MA,3750000.0,1846083.9019104524
945,140 Shawmut Ave Unit 3E,Boston,MA,1350000.0,1233389.7081139784
946,65 E India Row Unit 29A,Boston,MA,675000.0,789269.4765848836
947,241 Perkins St Unit A601,Boston,MA,999000.0,1164235.9783965778
948,29 Fairfield St Unit 1A,Boston,MA,1795000.0,1132623.2390034478
949,201 Newbury St #309,Boston,MA,970000.0,852402.4142833019
950,118 Pearl Ave,Revere,MA,799900.0,828127.3413459961
951,89 Beacon St,Boston,MA,15995000.0,3424735.4824995054
952,102 Mount Pleasant Ave,Boston,MA,860000.0,765940.4002689517
953,46 Avondale St,Boston,MA,580000.0,609185.502190056
954,85 E India Row Unit 37G,Boston,MA,1084200.0,978253.6410931847
955,500 Atlantic Ave Unit 17Q,Boston,MA,1000000.0,1095694.307377629
956,29 Catherine St,Boston,MA,649000.0,934608.530337862
957,381 Beacon,Boston,MA,6490000.0,2285646.841733955
958,1 Franklin #3401,Boston,MA,2795000.0,1750174.1030113364
959,1 Franklin Unit 3704-03,Boston,MA,9650000.0,3209041.374933957
960,106 Thirteenth #229,Boston,MA,479000.0,509796.86503494973
961,70-72 Northampton St #101,Boston,MA,1195000.0,948642.3389301351
962,7 E Springfield Unit 2A,Boston,MA,1150000.0,1086128.1641423667
963,580 Washington St #1410,Boston,MA,1558000.0,1214916.0476015748
964,94 Bragdon St,Boston,MA,1275000.0,1172942.2801022555
965,1 Avery Unit 22B,Boston,MA,3295000.0,1944445.5971207682
966,2 W 6th #405,Boston,MA,1479000.0,1124500.807101502
967,230 Marlborough #1,Boston,MA,3995000.0,1817394.2575833981
968,4012 Washington St,Boston,MA,2300000.0,1783292.685491651
969,156-168 Terrace St #402,Boston,MA,720000.0,687934.6304334055
970,36 Pinckney,Boston,MA,3595000.0,1484764.9508025872
971,45 Province St #2005,Boston,MA,2450000.0,1458725.9507792175
972,401 Beacon Unit 2B,Boston,MA,7400000.0,2681192.243134076
973,778 Boylston St Unit 6D,Boston,MA,2199000.0,1585072.4941493843
974,63 Perrin St #2,Boston,MA,599999.0,623913.4890445813
975,68 Frankfort St,Boston,MA,2200000.0,1559320.5025948726
976,105 Revere St,Boston,MA,3550000.0,1405517.6136574186
977,401 Beacon Unit IV,Boston,MA,6600000.0,2449211.882558097
978,5337-5339 Washington St,Boston,MA,1100000.0,854756.2727146724
979,115 Bennett #2,Boston,MA,559000.0,476696.645807897
980,80 Broad St #805,Boston,MA,660000.0,904062.8571884041
981,201 E St Unit 12-N,Boston,MA,999000.0,929477.4076235418
982,201 E St Unit 4-N,Boston,MA,859000.0,844690.7934341528
983,17 Cumberland St #1,Boston,MA,2799000.0,1498405.859310457
984,580 Washington St #1507,Boston,MA,1500000.0,1241864.4874848921
985,42-44 Shirley St,Boston,MA,898000.0,808178.1655787316
986,111 Beach St Unit 2H/I 2,Boston,MA,2790000.0,1600168.0847354627
987,500 Atlantic Ave Unit 16M,Boston,MA,1795000.0,1426194.0162774588
988,350 North St,Boston,MA,175000.0,441873.08821164165
989,36 Woodmere Dr #25,Milton,MA,985000.0,933705.4792693385
990,1650 Commonwealth #301,Boston,MA,780000.0,728172.3441097965
991,22 Garden St,Boston,MA,1990000.0,1179104.225298356
992,93 Charter St,Boston,MA,4750000.0,2180920.9094422925
993,3 Winter Pl Unit 1-2,Boston,MA,2995000.0,1414554.8320036517
994,100 State St #5,Boston,MA,1945000.0,1208453.8478495663
995,120 Bradlee St #5,Boston,MA,165000.0,81394.03893574025
996,224 Allandale Rd Unit A,Boston,MA,1549000.0,1435019.59016259
997,2 Avery St Unit 26H,Boston,MA,1995000.0,1409691.2187954565
998,2 W 6th #307,Boston,MA,1199900.0,988333.4257274412
999,2 W 6th #208,Boston,MA,749900.0,698056.2604132532
1000,14 W Broadway #906,Boston,MA,2299000.0,1580028.6456039136
1001,20 Taft Hill Park Unit 9A,Boston,MA,699900.0,814911.9991751967
1002,14 W Broadway #307,Boston,MA,1169000.0,1057156.7545752078
1003,776 Boylston St Unit E9-A,Boston,MA,13500000.0,3951301.0336098513
1004,14 W Broadway #203,Boston,MA,999000.0,978939.196816744
1005,5 Charles River Sq,Boston,MA,4190000.0,1841391.4582804234
1006,6 Arlington St #8,Boston,MA,6900000.0,2780841.265939
1007,380 Beacon #1,Boston,MA,4500000.0,2050609.831025392
1008,500 Atlantic Ave Unit 20B,Boston,MA,3895000.0,2041922.1556546132
1009,200-202 Beacon St #2,Boston,MA,1050000.0,836328.2518583136
1010,"151 Tremont St., LL131",Boston,MA,30000.0,716977.0081686822
1011,151 Tremont St. UL259,Boston,MA,60000.0,1384767.106825518
1012,25 Beacon #4,Boston,MA,9350000.0,2925023.5876869317
1013,228 Allandale Rd Unit 3B,Boston,MA,999000.0,779636.8346210371
1014,300 Boylston #1202,Boston,MA,7450000.0,3049859.561430539
1015,37 Melville Ave,Boston,MA,980000.0,1025144.0615436733
1016,49 Mount Vernon St #2,Boston,MA,7775000.0,2346859.1065995395
1017,54 Burroughs St Unit CH,Boston,MA,2295000.0,1736041.4418030295
1018,1 Charles St S Unit 11E,Boston,MA,2725000.0,1679183.460349025
1019,5 Strong Pl,Boston,MA,1495000.0,1207339.931532725
1020,1 Franklin St #3702,Boston,MA,2850000.0,1768144.2634321197
1021,"144 Charles Street, Unit 2-13",Boston,MA,350000.0,1433303.6701832176
1022,77 Chestnut St,Boston,MA,8995000.0,2814076.426819857
1023,20 Taft Hill Park Unit 5B,Boston,MA,477000.0,862965.6376292058
1024,80 Commonwealth Ave Unit Three,Boston,MA,7800000.0,2993955.939981145
1025,80 Commonwealth Ave Unit One,Boston,MA,3300000.0,1987494.8686524911
1026,2779 washington St #4,Boston,MA,449900.0,535364.2924167162
1027,150 W Broadway #12,Boston,MA,1450000.0,1068817.4937279965
1028,400 Stuart St Unit 30D,Boston,MA,3199000.0,1969465.5088248427
1029,144 Charles St,Boston,MA,350000.0,1658018.3681993128
1030,7 Mount Vernon Pl,Boston,MA,8995000.0,3060803.4996383814
1031,73 Mount Vernon St #1,Boston,MA,3695000.0,1587243.2788000826
1032,87 Maple St,Boston,MA,559900.0,875354.238695007
1033,1 Franklin St #3703,Boston,MA,5295000.0,2474858.9442433976
1034,481 Harrison Unit 3C,Boston,MA,1395000.0,1193762.0381335176
1035,64 Poydras St,Boston,MA,550000.0,513410.6694617609
1036,45 Hawthorne St,Boston,MA,1065000.0,886858.5772266639
1037,1 Murray Ave,Boston,MA,779000.0,772085.726819068
1038,148 W 3rd St #2,Boston,MA,600000.0,560973.9951244653
1039,536 Tremont St Apt 2,Boston,MA,950000.0,938356.4570533368
1040,209 Endicott St,Boston,MA,2800000.0,1519174.0998142052
1041,381 Meridian St Apt 3,Boston,MA,410000.0,379633.43659501255
1042,The Bradford,Milton,MA,825000.0,729661.0159401256
1043,The Carlysle,Milton,MA,955000.0,873915.6181114772
1044,The Bancroft,Milton,MA,990000.0,910479.6859292334
1045,The Gardner at the Dupee House,Milton,MA,1150000.0,896887.8374317135
1046,,,,,762343.0733670925
